ticker,pe,fwd_pe,pb,ps,ev_ebitda,roe,roa,net_margin,op_margin,rev_growth,earn_growth,de,current,quick,fcf_b,mcap_b,beta,target_upside,fund_score,fund_view
MU,13.935537,4.9870977,11.533936,8.725602,10.332,0.8826,0.44557,0.63796,0.80678004,3.793,10.601,0.03743,3.314,2.898,29.214251008,1162.145562624,2.226,0.5113026239067056,100.0,Strong
NVDA,28.986094,14.406897,24.178003,18.273836,27.337,1.17211,0.53572,0.63663,0.66236997,1.059,1.278,0.16971,4.589,2.918,41.809874944,5536.424132608,2.216,0.4336922180308469,96.40556240000001,Strong
SNDK,21.821217,5.9400573,14.977796,11.290823,17.995,0.9164,0.43910998,0.56465,0.78472,3.716,,0.012769999999999998,2.29,1.707,7.720875008,228.616585216,,0.3737340998245984,99.2715132,Strong
GOOGL,17.47813,23.33272,6.909384,9.645901,24.238,0.48676,0.12958999,0.54771,0.34033,0.242,2.94,0.18859,2.724,2.471,22.66500096,4300.77902848,1.211,0.22127639062603732,100.0,Strong
NEM,14.566131,11.619537,3.5408654,4.8188415,7.089,0.25905,0.15755,0.33363998,0.51569,0.151,0.114,0.15807000000000002,2.546,1.949,8.815875072,124.167094272,0.53,0.16542204911662428,95.0125,Strong
AVGO,46.17369,18.642021,17.313477,19.369032,33.703,0.44245,0.15369001,0.42944,0.54307,0.855,2.153,0.59604,2.504,2.153,30.596499456,1725.858185216,1.476,0.46958811595531436,88.378044,Strong
EOG,11.529961,9.612278,2.443433,2.9083583,5.592,0.22507,0.11017,0.25733,0.40717998,0.587,1.094,0.25891,1.851,1.581,4.478750208,77.714243584,0.371,0.10835782897592061,94.4655,Strong
AMAT,43.97485,27.443773,15.701899,13.048536,39.438,0.41068,0.15482001,0.30052,0.33736,0.248,0.428,0.28666,2.423,1.634,3.075375104,402.377703424,1.591,0.260170919942202,90.41006,Strong
SYK,28.73886,16.607342,4.4345837,4.117208,16.045,0.16508,0.08162,0.14433,0.27015,0.094,0.441,0.6439100000000001,2.157,1.08,4.108875008,106.376306688,0.781,0.32028218270074804,81.671536,Strong
REGN,18.288584,12.106076,2.3616388,4.947634,14.728,0.14043,0.06526,0.27865,0.33106,0.167,-0.045,0.08535,3.335,2.633,3.065299968,76.860014592,0.153,0.15069316484553452,90.04150000000001,Strong
ORCL,21.263157,12.855725,6.9171314,5.9721107,16.409,0.41192,0.06357,0.2636,0.35632,0.296,0.545,2.51716,1.171,1.02,-45.853626368,428.654231552,1.77,0.6829855747675302,72.12188386666668,Strong
QCOM,20.383276,17.211536,6.706921,4.252555,15.941,0.33754003,0.11612,0.21013,0.18528,-0.04,-0.23,0.5521,2.016,1.137,10.241000448,187.405828096,1.651,0.10617282051282051,84.02148960000001,Strong
ADBE,13.459445,8.754654,8.052315,3.630785,9.624,0.61902,0.20075001,0.28048,0.34822,0.129,0.105,0.5769299999999999,0.77,0.65,9.345125376,94.291484672,1.415,0.13536032174523216,79.13684,Strong
GEV,28.80533,39.894363,22.37955,6.4687634,66.145,0.82577,0.02544,0.23035,0.07466,0.219,0.328,0.28364,0.85,0.563,15.722125312,267.593334784,0.967,0.2191199862758526,82.077868,Strong
VRTX,29.707628,25.229464,6.3823028,10.271175,24.196,0.23542999,0.11926,0.34997,0.38055,0.125,0.08,0.09766999999999999,3.185,2.536,2.627887616,129.285349376,0.281,0.12062248088029515,88.3884483,Strong
NKE,16.6875,20.527773,3.4626894,1.1234244,11.1,0.21563,0.06893,0.0674,0.07919,-0.043,-0.021,0.73095,2.075,1.193,1.766875008,51.555065856,1.099,0.09598591193906869,77.5701,Strong
LRCX,55.354164,27.10268,31.989565,17.174255,46.001,0.65066004,0.22840999,0.31272,0.37390998,0.3,0.348,0.33049,2.629,1.839,3.09048448,399.00413952,1.854,0.17816200700839957,87.57166688000001,Strong
COP,17.76159,13.864177,2.4652097,2.4992533,6.598,0.1418,0.07533,0.144,0.3151,0.355,1.07,0.35639000000000004,1.542,1.176,7.691375104,161.0993664,0.244,0.10164625858377963,86.59400000000001,Strong
MSFT,29.808912,22.59842,8.98296,11.973236,20.723,0.34039003,0.14088,0.40305,0.45111,0.177,0.317,0.29118,1.23,1.099,16.54550016,3973.18684672,1.099,0.09823722495424958,85.45643519999999,Strong
TJX,25.696295,24.033865,14.739749,2.447483,18.078,0.62171,0.13543001,0.09729,0.10909,0.054,0.236,1.3441900000000002,1.147,0.504,4.398125056,152.632393728,0.561,0.22369563795013625,68.59520199999999,Strong
KLAC,53.728024,29.16609,40.25731,18.794548,42.408,0.87496,0.20799999,0.35574,0.42486,0.152,0.138,0.9688,2.876,1.841,2.62458752,255.2201216,1.447,0.19020924110368242,79.19615808,Strong
ASML,57.448853,30.574593,1546.4285,19.356834,2816.115,0.53942,0.16454001,0.30114,0.37057,0.213,0.285,0.09092,1.334,0.721,8.437675008,683.828576256,1.302,0.18077515550879375,79.41209176000001,Strong
HD,20.345695,18.18317,17.461863,1.7145946,14.247,1.0429599,0.121379994,0.0841,0.12858,0.057,0.046,3.80261,1.078,0.259,10.762625024,290.068267008,0.999,0.3013130725326252,60.217722,Fair
ISRG,48.619263,35.00391,8.25821,13.57353,34.608,0.17423001,0.10512,0.28445998,0.33603,0.185,0.265,,4.963,3.636,2.6152,149.775761408,1.463,0.1262069054235071,73.36379529999999,Strong
TXN,43.854713,26.655142,14.38625,13.320562,27.96,0.35176,0.13059,0.31111,0.42576998,0.228,0.518,0.78036,4.857,3.245,3.545250048,259.124887552,1.339,0.14439173601078648,87.0937948,Strong
CRM,20.963404,14.302121,4.913579,4.29182,17.02,0.19381,0.05704,0.2199,0.21375,0.108,1.189,1.10417,0.839,0.673,17.731874816,188.573990912,1.256,0.23668111535599,66.9590984,Strong
CTAS,39.923077,32.853645,15.537729,6.95222,26.643,0.41375,0.16655001,0.17824,0.24098,0.109,0.133,0.52096,1.454,0.722,1.74398528,80.371974144,0.917,0.07856576280902239,79.76724920000001,Strong
CSCO,34.516033,21.0646,9.290591,7.3709097,25.857,0.27319,0.079780005,0.20951,0.27719,0.176,0.521,0.62017,0.931,0.691,11.182624768,466.762858496,0.979,0.150097142511729,76.8670468,Strong
CDNS,69.32024,36.878246,14.169143,16.645416,45.59,0.23229,0.10613,0.23605,0.28575,0.242,1.254,0.38661,1.743,1.426,1.609676544,97.169661952,1.128,0.15134453071179466,79.9848808,Strong
ABT,31.821085,16.420496,3.3720417,3.6996067,17.132,0.10576,0.05328,0.116450004,0.14706999,0.13,-0.475,0.63212,1.376,0.797,7.209124864,172.346179584,0.583,0.21199801053576506,72.286126,Strong
PG,22.741352,20.4461,6.5904036,4.0359607,15.255,0.30290002,0.107209995,0.18437,0.22084999,0.015,-0.155,0.6448999999999999,0.677,0.413,13.280874496,351.25772288,0.377,0.06604109339826048,68.8966592,Strong
XOM,21.686779,14.830239,2.6781864,1.9239638,10.792,0.12584,0.055209998,0.09072,0.15859,0.441,1.128,0.15921,1.135,0.801,20.671000576,694.666395648,0.209,0.02779890784139516,80.2372884,Strong
JNJ,29.709091,21.60363,7.4095907,6.4336796,18.878,0.25742,0.08595,0.21482,0.2919,0.066,-0.009,0.57709,1.089,0.725,16.88512512,630.043836416,0.206,0.0702959661374416,74.09028359999999,Strong
LLY,39.256657,24.754045,31.03179,13.200159,26.305,1.02286,0.20357001,0.33528998,0.54222,0.477,0.262,1.6207099999999999,1.355,0.679,11.065900032,1051.603894272,0.453,0.12793862132501355,71.91355053333334,Strong
ANET,68.37224,41.546066,18.472685,25.933311,56.042,0.31476,0.14119,0.38371,0.45393002,0.377,0.357,,2.957,2.289,3.891512576,273.357848576,1.605,0.1243425017246571,78.5302208,Strong
LIN,31.088047,24.710714,5.7058434,6.290444,17.917,0.18400998,0.07164,0.20435,0.28119,0.093,0.113,0.68947,0.879,0.68,4.16075008,222.989942784,0.713,0.12260649053537453,67.1356402,Strong
ITW,23.99001,21.409842,25.991932,4.5676255,17.495,1.04618,0.16924,0.19393998,0.26900998,0.061,0.101,3.3485300000000002,1.109,0.74,2.432999936,75.22422784,0.975,0.11525171148462876,59.371995999999996,Fair
AAPL,39.053368,35.11173,45.739132,10.5243,29.382,1.4875101,0.27082002,0.27618998,0.32623002,0.164,0.287,0.78445,1.003,0.812,107.721875456,4912.9848832,1.069,-0.025386686895681465,74.8412528,Strong
ADI,48.183865,24.846283,5.866492,14.1787405,29.42,0.12227,0.06406,0.29787,0.39503,0.396,1.635,0.27314,1.25,0.834,4.147339008,196.825645056,1.231,0.15886345594609308,70.839954,Strong
FTNT,68.81625,51.551575,92.12393,18.982748,53.695,1.17442,0.14166,0.28173,0.33595002,0.256,0.439,0.36194000000000004,1.282,1.141,2.265587456,142.890729472,1.037,-0.15625448010269583,77.87870000000001,Strong
DHR,38.767197,23.636066,2.9384007,6.1545935,22.178,0.07605,0.03949,0.15948,0.19777,0.055,0.597,0.5297,1.651,1.149,4.32512512,154.523369472,0.797,0.0964014497828185,66.8537212,Strong
TMO,35.4155,23.862082,4.6185594,5.250801,24.015,0.13515,0.05129,0.15036,0.18751,0.105,0.094,0.8057500000000001,1.551,1.009,6.237250048,243.301122048,0.877,0.029208808088303506,70.8343,Strong
EMR,35.411377,22.263893,4.4294515,4.8437853,16.822,0.128,0.068969995,0.13828,0.26924,0.07,0.23,0.6767700000000001,0.896,0.618,3.706249984,90.268778496,1.207,0.0765243034593408,61.65020919999999,Fair
AMD,158.35938,38.678555,14.762933,24.033602,102.894,0.10196,0.05128,0.15577,0.1725,0.501,1.595,0.06361,2.609,1.688,8.841499648,992.708001792,2.454,0.046222702750446265,70.098,Strong
TSLA,354.35184,178.43654,17.399408,14.587014,138.048,0.046669997,0.019299999,0.03671,0.014099999,0.255,-0.03,0.18373,1.941,1.347,4.835999744,1511.491895296,1.916,0.03623968474154626,63.9589997,Fair
NOW,88.0375,28.14099,11.635552,9.88527,51.577,0.14244,0.04249,0.11336,0.04063,0.24,-0.219,0.67538,0.701,0.565,5.149374976,145.629806592,0.99,0.04168493088318881,58.19044,Fair
MRK,115.555565,15.623492,8.571765,5.3962083,14.064,0.06961,0.11868,0.047659997,-0.00241,0.051,,1.2840799999999999,1.323,0.742,15.171500032,359.22018304,0.222,0.08708786651746037,43.2435948,Weak
CRWD,4584.0005,171.2674,55.195667,52.18967,2596.524,0.01461,-0.0078100003,0.00834,-0.02259,0.258,,0.15958,1.57,1.366,1.995385472,281.623035904,1.197,-0.13114458778469174,56.301,Fair
ABBV,78.09887,17.00617,-82.307236,7.5879064,17.973,,0.105100006,0.098000005,0.40035,0.102,2.904,,0.809,0.49,16.870250496,488.554921984,0.228,0.022198244844646497,44.8160904,Weak
PANW,997.0953,85.83193,12.414549,29.8399,219.268,0.01739,0.014040001,0.02674,0.05396,0.345,,0.09337,0.871,0.735,4.240624896,342.562045952,0.933,-0.052199242664445866,47.675,Weak
000660.KS,,3.5741296,,6.31873,7.861,0.92679,0.33661,0.85619,0.76328003,2.568,12.724,0.08037000000000001,2.591,2.26,55768.099323904,1195317.986852864,2.391,0.8685453896490183,86.0,Strong
RMBS,49.754627,28.48774,7.9477887,15.411729,34.291,0.17789,0.11034001,0.3169,0.36671,0.204,0.151,0.014870000000000001,9.754,8.896,0.202302368,11.656368128,1.847,0.3173111416391008,81.9926492,Strong
ZS,,41.722595,14.667712,11.367788,832.488,-0.02873,-0.010319999,-0.01885,-0.01008,0.249,,0.71894,1.699,1.57,1.07491584,38.110773248,0.936,-0.0014945267356537562,59.760720000000006,Fair
CHKP,14.04094,12.151802,5.1571426,5.0666194,16.321,0.37639,0.07597,0.37932,0.27479,0.013,0.016,0.72153,1.672,1.581,0.700524992,14.006163456,0.474,0.06302061368855161,82.18564,Strong
OKTA,139.83736,53.016117,5.8196907,13.205722,119.424,0.043130003,0.01579,0.09632,0.13292,0.106,0.757,0.0076,1.525,1.376,1.037625024,40.58118144,0.733,-0.08414287025355904,53.7860115,Fair
S,,56.995945,6.275681,8.321851,-35.695,-0.23008,-0.07561,-0.30953,-0.22719,0.206,,,1.449,1.271,0.29688064,9.143250944,0.707,-0.06801181677313795,51.388000000000005,Fair
NET,,215.33405,79.29042,51.15523,-35425.598,-0.14425999,-0.02037,-0.082100004,-0.07603,0.359,,2.17858,1.818,1.755,0.691946368,128.519847936,1.645,-0.05432472522003562,48.19690666666667,Weak
QLYS,35.081455,23.950891,12.475808,9.96152,26.036,0.38592,0.146,0.29381,0.33979,0.11,0.161,0.09498,1.384,1.266,0.244382624,7.002719744,0.602,-0.11390780741782802,81.175418,Strong
TENB,693.1667,19.068186,23.157015,4.389603,87.586,0.02456,0.019919999,0.0064600003,0.04849,0.086,,2.12482,0.786,0.649,0.256786496,4.580722176,1.007,-0.15003606948050496,24.859626666666667,Weak
