ticker,in_report,as_of,last_close,pred_5d_return_%,pred_price_5d,80%_range_low,80%_range_high,rmse_vs_naive,dir_acc_%,always_up_%,IC,validated_edge,signal,rsi_daily,rsi_weekly,rsi_daily_zone,rsi_weekly_zone,ta_label,ta_score,fund_score,fund_view,pe,roe,de,current_ratio,confluence
GEV,yes,2026-10-09,1004.73,3.57,1041.27,958.52,1121.19,1.03,54.7,55.1,0.034,False,WATCH (no validated edge),58.1,54.6,neutral,neutral,Bullish,4,82.1,Strong,28.80533,0.82577,0.28364,0.85,2
TMO,yes,2026-10-09,658.02,2.64,675.59,649.87,718.99,1.042,48.5,53.1,0.044,False,WATCH (no validated edge),54.5,68.3,neutral,neutral,Bullish,4,71.0,Strong,35.094402,0.13515,0.8057500000000001,1.551,2
NVDA,yes,2026-10-09,229.28,2.24,234.49,221.52,251.76,1.031,53.1,61.2,0.112,False,WATCH (no validated edge),53.0,58.9,neutral,neutral,Bullish,6,96.3,Strong,29.133419,1.17211,0.16971,4.589,2
ASML,yes,2026-10-09,1780.34,1.84,1813.41,1730.51,1981.4,1.027,56.4,59.9,0.207,False,WATCH (no validated edge),52.4,57.1,neutral,neutral,Bullish,4,79.4,Strong,57.448853,0.53942,0.09092,1.334,2
TSLA,yes,2026-10-09,382.7,1.51,388.53,352.57,417.75,1.132,46.9,52.6,-0.106,False,WATCH (no validated edge),59.7,52.2,neutral,neutral,Bullish,4,64.0,Fair,354.35184,0.046669997,0.18373,1.941,2
ZS,no - verify halal status,2026-10-09,233.73,1.11,236.33,213.08,259.63,1.103,49.1,53.1,-0.092,False,WATCH (no validated edge),72.9,67.5,overbought,neutral,Bullish,6,59.8,Fair,,-0.02873,0.71894,1.699,2
AAPL,yes,2026-10-09,336.64,0.96,339.88,323.84,357.49,1.016,52.6,57.7,0.016,False,WATCH (no validated edge),56.1,63.6,neutral,neutral,Bullish,4,74.8,Strong,39.053368,1.4875101,0.78445,1.003,2
CSCO,yes,2026-10-09,118.39,0.89,119.45,113.78,126.19,1.083,54.7,60.4,-0.053,False,WATCH (no validated edge),65.2,62.1,neutral,neutral,Bullish,4,76.9,Strong,34.516033,0.27319,0.62017,0.931,2
AMD,yes,2026-10-09,608.1,0.63,611.92,559.0,698.32,1.06,46.6,63.7,-0.009,False,WATCH (no validated edge),57.2,66.9,neutral,neutral,Bullish,4,70.1,Strong,158.35938,0.10196,0.06361,2.609,2
ADI,yes,2026-10-09,406.19,0.37,407.68,384.45,436.36,1.086,37.1,59.6,-0.213,False,NO BUY,60.5,59.1,neutral,neutral,Bullish,4,70.8,Strong,48.183865,0.12227,0.27314,1.25,2
MSFT,yes,2026-10-09,535.07,0.36,536.99,510.65,561.83,1.045,48.0,58.5,-0.05,False,NO BUY,67.5,67.6,neutral,neutral,Bullish,6,85.7,Strong,29.111536,0.34039003,0.29118,1.23,2
S,no - verify halal status,2026-10-09,26.27,0.34,26.36,24.13,29.1,1.006,53.9,52.8,0.103,False,NO BUY,68.5,70.6,neutral,overbought,Bullish,6,51.4,Fair,,-0.23008,,1.449,2
FTNT,yes,2026-10-09,194.75,0.08,194.9,182.94,207.54,1.034,61.2,54.7,0.176,False,NO BUY,72.7,77.9,overbought,overbought,Bullish,6,78.0,Strong,66.9244,1.17442,0.36194000000000004,1.282,2
DHR,yes,2026-10-09,219.81,0.07,219.97,210.47,234.12,1.033,53.1,52.6,0.184,False,NO BUY,55.4,58.3,neutral,neutral,Bullish,4,66.9,Strong,38.767197,0.07605,0.5297,1.651,2
PG,yes,2026-10-09,151.23,0.04,151.28,146.46,156.36,1.051,58.5,50.1,0.151,False,NO BUY,62.2,58.2,neutral,neutral,Bullish,4,68.9,Strong,22.741352,0.30290002,0.6448999999999999,0.677,2
CTAS,yes,2026-10-09,202.41,-0.03,202.34,193.36,208.85,1.144,46.6,51.2,-0.138,False,NO BUY,57.6,57.9,neutral,neutral,Bullish,6,79.9,Strong,39.688236,0.41375,0.52096,1.454,2
QLYS,no - verify halal status,2026-10-09,202.42,-0.04,202.35,188.52,219.96,1.076,49.1,52.8,-0.013,False,NO BUY,64.2,67.4,neutral,neutral,Bullish,6,81.8,Strong,33.56882,0.38592,0.09498,1.384,2
ANET,yes,2026-10-09,216.74,-0.11,216.5,197.2,237.88,1.042,53.9,60.2,0.036,False,NO BUY,64.8,69.1,neutral,neutral,Bullish,6,78.5,Strong,68.37224,0.31476,,2.957,2
NOW,yes,2026-10-09,140.86,-0.26,140.49,126.74,154.23,1.05,46.9,49.1,-0.071,False,NO BUY,57.6,60.1,neutral,neutral,Bullish,6,58.2,Fair,88.0375,0.14244,0.67538,0.701,2
ISRG,yes,2026-10-09,423.96,-0.39,422.31,397.88,442.55,1.056,54.7,46.1,0.042,False,NO BUY,66.7,53.2,neutral,neutral,Bullish,4,73.8,Strong,47.635956,0.17423001,,4.963,2
LLY,yes,2026-10-09,1179.27,-0.54,1172.95,1103.76,1267.91,1.065,54.2,56.1,0.018,False,NO BUY,54.2,56.1,neutral,neutral,Bullish,4,71.8,Strong,39.5861,1.02286,1.6207099999999999,1.355,2
EMR,yes,2026-10-09,161.83,-0.63,160.81,152.57,170.79,1.094,45.3,59.6,-0.107,False,NO BUY,61.0,61.9,neutral,neutral,Bullish,6,61.9,Fair,34.80215,0.128,0.6767700000000001,0.896,2
COP,yes,2026-10-09,134.1,-0.7,133.16,126.3,142.38,1.135,49.1,55.8,0.023,False,NO BUY,59.8,60.9,neutral,neutral,Bullish,6,86.6,Strong,17.76159,0.1418,0.35639000000000004,1.542,2
CRWD,yes,2026-10-09,275.04,-0.77,272.93,250.68,305.82,1.033,50.9,57.5,0.074,False,NO BUY,64.9,74.2,neutral,overbought,Bullish,4,56.3,Fair,4584.0005,0.01461,0.15958,1.57,2
XOM,yes,2026-10-09,168.94,-0.88,167.46,159.8,176.56,1.13,49.6,59.6,0.024,False,NO BUY,64.3,62.8,neutral,neutral,Bullish,6,80.2,Strong,21.686779,0.12584,0.15921,1.135,2
GOOGL,yes,2026-10-09,351.66,-0.89,348.55,331.51,373.4,1.047,46.3,59.9,-0.046,False,NO BUY,56.4,53.8,neutral,neutral,Bullish,4,100.0,Strong,17.47813,0.48676,0.18859,2.724,2
EOG,yes,2026-10-09,148.16,-1.23,146.35,139.24,154.9,1.115,48.5,54.2,0.023,False,NO BUY,58.8,57.6,neutral,neutral,Bullish,4,94.5,Strong,11.556943,0.22507,0.25891,1.851,2
OKTA,no - verify halal status,2026-10-09,232.13,-1.47,228.73,214.05,256.94,1.077,49.6,53.7,-0.036,False,NO BUY,76.5,82.1,overbought,overbought,Bullish,6,53.8,Fair,139.83736,0.043130003,0.0076,1.525,2
TXN,yes,2026-10-09,283.74,-2.04,278.01,263.9,305.0,1.123,40.1,55.8,-0.176,False,NO BUY,55.7,55.9,neutral,neutral,Bullish,4,87.4,Strong,43.187214,0.35176,0.78036,4.857,2
CHKP,no - verify halal status,2026-10-09,137.18,-2.15,134.27,125.1,142.15,1.074,54.2,50.9,0.009,False,NO BUY,56.7,49.6,neutral,neutral,Bullish,4,82.2,Strong,14.04094,0.37639,0.72153,1.672,2
SNDK,yes,2026-10-09,1581.82,11.9,1781.64,1287.12,1962.82,1.297,55.5,55.5,-0.25,False,WATCH (no validated edge),43.8,53.5,neutral,neutral,Bearish,-4,99.3,Strong,21.821217,0.9164,0.012769999999999998,2.29,1
AVGO,yes,2026-10-09,361.54,3.62,374.85,345.33,410.8,1.046,55.8,56.1,0.111,False,WATCH (no validated edge),50.2,47.9,neutral,neutral,Neutral,0,88.4,Strong,46.17369,0.44245,0.59604,2.504,1
ORCL,yes,2026-10-09,141.4,3.56,146.53,130.23,162.67,1.07,44.7,49.3,-0.164,False,WATCH (no validated edge),48.7,44.2,neutral,neutral,Neutral,-2,71.8,Strong,22.163008,0.41192,2.51716,1.171,1
PANW,yes,2026-10-09,418.78,2.92,431.19,390.28,459.88,1.035,52.6,62.9,0.066,False,WATCH (no validated edge),63.1,70.2,neutral,overbought,Bullish,6,47.7,Weak,1046.95,0.01739,0.09337,0.871,1
RMBS,no - verify halal status,2026-10-09,107.47,2.45,110.13,97.25,126.68,1.084,45.5,53.4,-0.142,False,WATCH (no validated edge),58.6,51.5,neutral,neutral,Neutral,2,82.0,Strong,49.754627,0.17789,0.014870000000000001,9.754,1
000660.KS,no - verify halal status,2026-10-08,1681000.0,2.26,1719373.19,1501373.81,1998340.55,1.098,46.5,63.3,-0.184,False,WATCH (no validated edge),43.7,50.1,neutral,neutral,Neutral,-2,86.0,Strong,,0.92679,0.08037000000000001,2.591,1
LRCX,yes,2026-10-09,318.84,2.21,325.95,293.63,364.29,1.068,46.9,65.3,-0.016,False,WATCH (no validated edge),51.2,54.2,neutral,neutral,Neutral,2,87.5,Strong,55.64398,0.65066004,0.33049,2.629,1
KLAC,yes,2026-10-09,195.57,2.09,199.7,184.45,219.66,1.019,55.3,62.3,0.126,False,WATCH (no validated edge),54.7,52.3,neutral,neutral,Neutral,2,79.2,Strong,53.728024,0.87496,0.9688,2.876,1
TJX,yes,2026-10-09,138.76,1.91,141.43,133.93,145.2,1.11,54.7,53.1,0.071,False,WATCH (no validated edge),61.6,44.4,neutral,neutral,Neutral,-2,68.6,Strong,25.696295,0.62171,1.3441900000000002,1.147,1
NKE,yes,2026-10-09,34.71,1.76,35.32,32.91,37.32,1.071,59.1,41.7,0.204,False,WATCH (no validated edge),38.1,29.9,neutral,oversold,Bearish,-4,77.6,Strong,16.6875,0.21563,0.73095,2.075,1
LIN,yes,2026-10-09,483.73,1.6,491.54,474.54,505.33,1.042,57.2,54.5,0.1,False,WATCH (no validated edge),57.1,49.2,neutral,neutral,Neutral,0,67.1,Strong,31.088047,0.18400998,0.68947,0.879,1
TENB,no - verify halal status,2026-10-09,41.59,1.58,42.25,38.63,45.67,1.006,53.7,49.3,0.173,False,WATCH (no validated edge),66.9,62.7,neutral,neutral,Bullish,6,24.9,Weak,693.1667,0.02456,2.12482,0.786,1
MRK,yes,2026-10-09,145.6,1.43,147.69,141.5,158.42,1.099,48.2,55.0,0.052,False,WATCH (no validated edge),52.1,63.2,neutral,neutral,Bullish,4,43.2,Weak,115.555565,0.06961,1.2840799999999999,1.323,1
NEM,yes,2026-10-09,117.84,0.77,118.75,107.96,129.66,1.139,46.3,60.2,-0.19,False,WATCH (no validated edge),47.9,54.5,neutral,neutral,Neutral,0,95.0,Strong,14.566131,0.25905,0.15807000000000002,2.546,1
VRTX,yes,2026-10-09,510.08,0.61,513.18,490.32,545.82,1.135,54.5,55.3,0.077,False,WATCH (no validated edge),45.6,54.9,neutral,neutral,Neutral,-2,88.4,Strong,29.707628,0.23542999,0.09766999999999999,3.185,1
ITW,yes,2026-10-09,264.13,0.01,264.15,255.78,273.43,1.05,53.9,52.3,0.1,False,NO BUY,45.3,47.3,neutral,neutral,Neutral,-2,59.4,Fair,23.99001,1.04618,3.3485300000000002,1.109,1
HD,yes,2026-10-09,290.74,-0.13,290.36,274.9,299.92,1.088,49.9,47.2,0.045,False,NO BUY,41.7,37.1,neutral,neutral,Bearish,-4,60.2,Fair,20.345695,1.0429599,3.80261,1.078,1
MU,yes,2026-10-09,1029.0,-0.3,1025.97,912.01,1203.65,1.082,48.2,67.2,-0.09,False,NO BUY,50.2,61.1,neutral,neutral,Neutral,2,100.0,Strong,13.935537,0.8826,0.03743,3.314,1
ABBV,yes,2026-10-09,276.47,-0.36,275.46,264.36,288.32,1.053,52.8,57.7,0.117,False,NO BUY,71.3,67.7,overbought,neutral,Bullish,6,44.8,Weak,78.09887,,,0.809,1
CDNS,yes,2026-10-09,352.84,-0.42,351.35,331.05,376.61,1.006,55.8,49.1,0.21,False,NO BUY,66.1,55.3,neutral,neutral,Neutral,2,80.0,Strong,69.32024,0.23229,0.38661,1.743,1
JNJ,yes,2026-10-09,261.44,-0.54,260.04,250.69,269.96,1.038,55.3,60.4,-0.047,False,NO BUY,46.9,56.1,neutral,neutral,Neutral,-2,73.9,Strong,30.294321,0.25742,0.57709,1.089,1
ADBE,yes,2026-10-09,242.27,-0.62,240.78,223.09,256.57,1.061,51.2,47.4,-0.044,False,NO BUY,46.8,46.3,neutral,neutral,Neutral,0,79.1,Strong,13.459445,0.61902,0.5769299999999999,0.77,1
QCOM,yes,2026-10-09,175.5,-0.63,174.4,162.34,189.04,1.008,55.0,51.8,0.097,False,NO BUY,44.5,49.9,neutral,neutral,Neutral,0,84.0,Strong,20.383276,0.33754003,0.5521,2.016,1
NET,no - verify halal status,2026-10-09,360.93,-0.64,358.63,330.95,404.08,1.086,47.7,63.7,-0.045,False,NO BUY,61.7,71.1,neutral,overbought,Bullish,4,48.2,Weak,,-0.14425999,2.17858,1.818,1
SYK,yes,2026-10-09,277.33,-0.8,275.12,260.56,285.97,1.057,51.8,50.9,0.042,False,NO BUY,43.1,35.5,neutral,neutral,Bearish,-4,81.7,Strong,28.709108,0.16508,0.6439100000000001,2.157,1
REGN,yes,2026-10-09,746.54,-1.39,736.26,699.01,807.53,1.168,42.3,57.2,-0.083,False,NO BUY,42.1,51.4,neutral,neutral,Neutral,0,90.0,Strong,18.288584,0.14043,0.08535,3.335,1
ABT,yes,2026-10-09,99.6,-2.1,97.53,92.83,100.62,1.097,49.9,46.1,0.018,False,NO BUY,42.3,46.4,neutral,neutral,Neutral,0,72.2,Strong,32.129032,0.10576,0.63212,1.376,1
AMAT,yes,2026-10-09,507.03,-2.12,496.38,453.15,550.23,1.077,52.0,62.6,-0.025,False,NO BUY,54.6,55.3,neutral,neutral,Neutral,2,90.4,Strong,43.97485,0.41068,0.28666,2.423,1
CRM,yes,2026-10-09,229.13,-2.16,224.24,204.78,240.82,1.092,47.7,52.0,-0.14,False,NO BUY,48.1,57.8,neutral,neutral,Neutral,2,67.0,Strong,20.963404,0.19381,1.10417,0.839,1
