ticker,as_of,close,rsi_d,rsi_d_zone,rsi_w,rsi_w_zone,rsi_w_last_full_wk,vs_sma20_pct,vs_sma50_pct,vs_sma200_pct,ma_cross,days_since_cross,macd_daily,macd_weekly,bb_pctb,stoch_k,adx14,cci20,ta_score,ta_label
MU,2026-10-09,1029.0,50.20265409466067,neutral,61.051315823255784,neutral,61.051315823255784,-0.8913993951561117,5.410217851007304,46.67112860321523,golden (50>200),324.0,bearish,bearish,0.4588313685907646,18.06785127995067,13.34672027333726,-5.1560288106936065,2,Neutral
NVDA,2026-10-09,229.27999877929688,53.027398794950855,neutral,58.943195760929505,neutral,58.943195760929505,1.1229010109262472,3.307054133888765,13.601175953066203,golden (50>200),324.0,bullish,bullish,0.5790805886693227,36.75943846557389,18.394288699710064,38.522303726332915,6,Bullish
SNDK,2026-10-09,1581.8199462890625,43.802044223922266,neutral,53.47704057224692,neutral,53.47704057224692,-6.812740428817898,-0.04294145698940932,33.8797339715927,golden (50>200),,bearish,bearish,0.21463669673199295,1.8364852648178327,12.84012171064696,-84.00130599121253,-4,Bearish
GOOGL,2026-10-09,351.6600036621094,56.3911374048698,neutral,53.77305861424701,neutral,53.77305861424701,1.6587564647562836,1.595075290145842,3.5303863590254503,golden (50>200),307.0,bullish,bearish,0.8146083311948039,56.35028552992075,16.31174093384917,108.13355386639877,4,Bullish
NEM,2026-10-09,117.83999633789062,47.85106505289635,neutral,54.46991912556902,neutral,54.46991912556902,-1.4410847363766965,-1.7950216995374246,5.696140878052125,golden (50>200),22.0,bearish,bullish,0.39602847625340204,37.27048777709089,16.66432240025375,-25.028091573478793,0,Neutral
AVGO,2026-10-09,361.5400085449219,50.20058252485288,neutral,47.85054605519527,neutral,47.85054605519527,1.8167523749492709,-2.6517053639626975,-1.5160648521105102,golden (50>200),122.0,bullish,bearish,0.6538041004327273,48.601879980949874,16.754054077498974,67.58463483554523,0,Neutral
EOG,2026-10-09,148.16000366210938,58.81477451173641,neutral,57.58983519094804,neutral,57.58983519094804,3.145321747147589,2.481952081193639,12.25213328969701,golden (50>200),152.0,bullish,bearish,0.7925496972347092,85.93012000844207,13.515240440770414,110.60195672762775,4,Bullish
AMAT,2026-10-09,507.0299987792969,54.56782874195977,neutral,55.3325682068824,neutral,55.3325682068824,4.732837640342491,3.520839780192042,16.921644327982754,golden (50>200),314.0,bullish,bearish,0.6359450886784378,57.17176056619513,18.930587432759005,51.46354457949359,2,Neutral
SYK,2026-10-09,277.3299865722656,43.13037490650471,neutral,35.45049046433165,neutral,35.45049046433165,0.32443893025171366,-8.765947583704714,-15.035251908295255,death (50<200),238.0,bullish,bearish,0.5546720187157562,51.99516025010904,24.16627140099829,36.951805725069434,-4,Bearish
REGN,2026-10-09,746.5399780273438,42.13372336713832,neutral,51.37793580386245,neutral,51.37793580386245,-2.598773210541838,-5.437866029398675,1.6918424766367623,golden (50>200),26.0,bearish,bullish,0.3119030005609394,26.79483759087574,19.595762777213174,-65.84591164354212,0,Neutral
ORCL,2026-10-09,141.39999389648438,48.711807281427944,neutral,44.22387855762087,neutral,44.22387855762087,-0.12258137340610542,-2.63073813940492,-11.908349122418771,death (50<200),190.0,bullish,bullish,0.49097436008307194,46.97076615889884,10.53458309844491,-26.045290486895066,-2,Neutral
QCOM,2026-10-09,175.5,44.540429412648784,neutral,49.90893777056134,neutral,49.90893777056134,-5.599990649927844,1.6267315013134942,4.4631740307632395,golden (50>200),95.0,bearish,bullish,0.16536343709017115,12.862461935171835,15.135572884792348,-133.72497728992167,0,Neutral
ADBE,2026-10-09,242.27000427246094,46.777695712623725,neutral,46.310760022044235,neutral,46.310760022044235,-0.18539724145272274,-6.052763900444358,-5.723573880409694,golden (50>200),4.0,bullish,bullish,0.48728327246219744,58.66668701171875,20.373162723332808,-1.7875509780827128,0,Neutral
GEV,2026-10-09,1004.72998046875,58.139041011564345,neutral,54.565233212741965,neutral,54.565233212741965,4.833057303874799,3.7183446718285884,8.514540459201235,golden (50>200),,bullish,bearish,0.7975190065139212,63.39043898809524,14.273757775304265,97.67042260138892,4,Bullish
VRTX,2026-10-09,510.0799865722656,45.61292609548591,neutral,54.86019421228201,neutral,54.86019421228201,-0.7255657997382259,-1.9951455365170623,7.407827340177731,golden (50>200),73.0,bearish,bearish,0.3880564603480632,41.28625995280361,19.07119761624371,-49.54752379744077,-2,Neutral
NKE,2026-10-09,34.709999084472656,38.07633058283733,neutral,29.931975366662087,oversold,29.931975366662087,-2.2170911580842056,-8.559972187815346,-26.469680564305254,death (50<200),223.0,bullish,bearish,0.2742026786020181,54.04337091222776,29.4846970315675,-66.5542056319325,-4,Bearish
LRCX,2026-10-09,318.8399963378906,51.237132662155524,neutral,54.22745533918305,neutral,54.22745533918305,2.605783513732951,2.701691484806834,14.395823223625538,golden (50>200),332.0,bullish,bearish,0.5800466958020206,40.62774542635961,15.008288696101268,33.89247998723953,2,Neutral
COP,2026-10-09,134.10000610351562,59.82955363842963,neutral,60.90757730054088,neutral,60.90757730054088,3.181630700326732,3.790842462766242,15.24902509303232,golden (50>200),190.0,bullish,bullish,0.7419812032637234,87.93395339511252,17.578758928758642,80.47579268926734,6,Bullish
MSFT,2026-10-09,535.0700073242188,67.52470396315367,neutral,67.63637589809721,neutral,67.63637589809721,4.895223272513816,6.973672181498358,23.65712170533616,golden (50>200),30.0,bullish,bullish,0.9715269794978508,95.32616346685225,39.70109643126359,135.04319782250673,6,Bullish
TJX,2026-10-09,138.75999450683594,61.649482373266274,neutral,44.420760693129765,neutral,44.420760693129765,5.415493598309262,-0.043147716519942314,-8.350264931797025,death (50<200),32.0,bullish,bearish,0.8840877515586808,92.21718044884365,26.447288734318757,135.67444278682356,-2,Neutral
KLAC,2026-10-09,195.57000732421875,54.6542511945668,neutral,52.30109593329917,neutral,52.30109593329917,3.8360487704419244,4.0627804869004525,9.000855330766576,golden (50>200),338.0,bullish,bearish,0.6445256368204911,54.761948639266485,13.922406876569916,63.81243321946975,2,Neutral
ASML,2026-10-09,1780.3399658203125,52.449222238340504,neutral,57.08847518328379,neutral,57.08847518328379,2.0514421228274626,2.4001321929004282,14.20611047335385,golden (50>200),326.0,bullish,bearish,0.6004622725617405,48.016263330263584,18.52817896920111,47.03062877062784,4,Bullish
HD,2026-10-09,290.739990234375,41.72919018820382,neutral,37.10243841115678,neutral,37.10243841115678,-0.9995766618774993,-8.135002176340889,-12.74893879120822,death (50<200),210.0,bullish,bearish,0.4158197365854623,46.6049198599708,29.755365288932385,-18.20403506398221,-4,Bearish
ISRG,2026-10-09,423.9599914550781,66.73608453554561,neutral,53.21833821595078,neutral,53.21833821595078,5.819100242931197,9.806544167371056,-4.387129763170716,death (50<200),142.0,bullish,bullish,0.9469914026430463,90.70794878577097,13.613261370816202,160.09556986871615,4,Bullish
TXN,2026-10-09,283.739990234375,55.74832330428612,neutral,55.86077934680478,neutral,55.86077934680478,2.3561643980390956,4.362905713277732,13.45323864679726,golden (50>200),174.0,bullish,bearish,0.6394522965748987,53.32708937682847,20.702263993785305,59.9406163310317,4,Bullish
CRM,2026-10-09,229.1300048828125,48.142484049331344,neutral,57.81753483700359,neutral,57.81753483700359,-2.794974996379229,1.9381545626685925,15.19360497589821,golden (50>200),19.0,bearish,bullish,0.33089145950724763,39.90974240556949,18.319391051265793,-65.81710049626626,2,Neutral
CTAS,2026-10-09,202.41000366210938,57.61038979706108,neutral,57.923415529146546,neutral,57.923415529146546,2.37851453854081,1.0443661737272292,7.885445421819504,golden (50>200),47.0,bullish,bullish,0.9360617384070232,93.94194570405048,18.337784280425783,145.8617262954422,6,Bullish
CSCO,2026-10-09,118.38999938964844,65.21471943459403,neutral,62.134810095854654,neutral,62.134810095854654,7.457936664054543,5.764252332198638,20.871753208228316,golden (50>200),519.0,bullish,bearish,0.9952928116836436,98.21225584371719,26.267258581069843,162.45140561499065,4,Bullish
CDNS,2026-10-09,352.8399963378906,66.14235066548945,neutral,55.275990284352645,neutral,55.275990284352645,10.165759107113415,10.087596883677264,8.018631051752777,death (50<200),16.0,bullish,bearish,0.7690302764347506,86.64407769826201,30.199380103382744,86.25521751372032,2,Neutral
ABT,2026-10-09,99.5999984741211,42.28178573754161,neutral,46.44611613783536,neutral,46.44611613783536,-1.1350628465251256,-6.189250590759743,-2.85825211981392,golden (50>200),22.0,bullish,bullish,0.3651105809029547,47.89028805782886,29.3856585227876,-50.809953164429174,0,Neutral
PG,2026-10-09,151.22999572753906,62.169522088112444,neutral,58.24911561252951,neutral,58.24911561252951,2.7782653026299453,3.642954626782835,3.3135964010925223,death (50<200),12.0,bullish,bullish,1.0611744908319238,95.48768505906258,12.201248626543174,207.30028974577263,4,Bullish
XOM,2026-10-09,168.94000244140625,64.27556707760175,neutral,62.78567067443736,neutral,62.78567067443736,3.3297456569706174,4.705599180991871,13.429539174355698,golden (50>200),294.0,bullish,bullish,0.9625084995913196,90.65102463282186,15.469465556680035,176.503365938414,6,Bullish
JNJ,2026-10-09,261.44000244140625,46.88794821934197,neutral,56.133657505743855,neutral,56.133657505743855,-1.227291714722356,-1.3046768445282853,8.472171451243348,golden (50>200),317.0,bearish,bearish,0.370025780066718,42.684949299117136,16.708809393644845,-64.89691182438591,-2,Neutral
LLY,2026-10-09,1179.27001953125,54.23798313605761,neutral,56.11863627620674,neutral,56.11863627620674,1.54591962956927,0.4804574664217576,9.785998191970101,golden (50>200),233.0,bullish,bearish,0.7515167996032127,57.35772310346033,20.083535761527163,46.25735604470193,4,Bullish
ANET,2026-10-09,216.74000549316406,64.81766396112432,neutral,69.0678351658797,neutral,69.0678351658797,5.921883299631281,9.53999945400712,34.560819820460395,golden (50>200),308.0,bullish,bullish,0.9224450753714245,96.40809428333264,20.301613448011466,158.2661413567617,6,Bullish
LIN,2026-10-09,483.7300109863281,57.11172067122498,neutral,49.21204895021903,neutral,49.21204895021903,2.602228543785645,1.3647918882714771,-0.292218877695527,death (50<200),9.0,bullish,bearish,0.8232409441026363,77.27398524749637,19.18444965488356,96.31741014081669,0,Neutral
ITW,2026-10-09,264.1300048828125,45.33630115543214,neutral,47.32854197099337,neutral,47.32854197099337,-0.7406964386631243,-3.9165513241324446,-0.6085328591972305,golden (50>200),61.0,bullish,bearish,0.3735325604722715,44.60892139861064,22.976974737375073,-68.44807575698442,-2,Neutral
AAPL,2026-10-09,336.6400146484375,56.13815938241182,neutral,63.58459537729763,neutral,63.58459537729763,0.37300318333617355,4.430944592701214,15.921942306253612,golden (50>200),270.0,bearish,bullish,0.5923615242474837,55.45323997318578,15.557135756077955,1.7466288008452127,4,Bullish
ADI,2026-10-09,406.19000244140625,60.53962633234239,neutral,59.05407142788445,neutral,59.05407142788445,3.7317018105878175,6.9991750280171905,12.425125469477049,golden (50>200),322.0,bullish,bearish,0.6866837799881413,63.59619201190772,26.550609499884814,63.55160153997422,4,Bullish
FTNT,2026-10-09,194.75,72.6663970604887,overbought,77.9068697344438,overbought,77.9068697344438,8.909921941439357,16.35715755528082,60.553077633403916,golden (50>200),108.0,bullish,bullish,1.0439047503464698,99.21230030307237,33.63922527790581,170.37427474528403,6,Bullish
DHR,2026-10-09,219.80999755859375,55.41540782472198,neutral,58.34093514473341,neutral,58.34093514473341,1.2760106160667029,4.304573547369084,9.525145350105092,golden (50>200),22.0,bearish,bullish,0.6077363430904953,51.38132855192772,26.624835465946596,31.324947849780877,4,Bullish
TMO,2026-10-09,658.02001953125,54.47172482104756,neutral,68.26000288759741,neutral,68.26000288759741,-0.2597991231799268,5.094679895574128,20.933469827934115,golden (50>200),38.0,bearish,bullish,0.47289917168858164,38.468070581907696,39.57360349771739,-21.47678887674434,4,Bullish
EMR,2026-10-09,161.8300018310547,61.046978019733594,neutral,61.894940046364546,neutral,61.894940046364546,4.101870623576986,3.905580695225108,11.9509035490047,golden (50>200),97.0,bullish,bullish,0.7957229392436486,73.23389174408842,14.480397644301059,83.92053686131506,6,Bullish
AMD,2026-10-09,608.0999755859375,57.187355115576686,neutral,66.92136786294728,neutral,66.92136786294728,1.676547180753274,14.969905877555579,57.81726214781939,golden (50>200),312.0,bearish,bullish,0.5525307680248236,19.263356141288785,26.693186439700327,30.340102564644827,4,Bullish
TSLA,2026-10-09,382.70001220703125,59.732552556393635,neutral,52.22146623197969,neutral,52.22146623197969,3.8085320596096928,7.880312574054016,-2.023667431269971,death (50<200),128.0,bullish,bullish,0.8334439122284716,86.26994761672546,17.088933997580657,110.23957487513972,4,Bullish
NOW,2026-10-09,140.86000061035156,57.64039762844263,neutral,60.1148256168239,neutral,60.1148256168239,2.5577560977761316,6.531180339881315,22.130442283612584,golden (50>200),23.0,bullish,bullish,0.7693670803106172,89.53049193152519,17.513086761819892,95.94580966316215,6,Bullish
MRK,2026-10-09,145.60000610351562,52.05182169357697,neutral,63.19634052099921,neutral,63.19634052099921,-0.12381159686606358,1.859890648348439,18.81672180332248,golden (50>200),244.0,bearish,bullish,0.4849791712252964,46.03927613234749,20.519173667556124,-29.757938358798494,4,Bullish
CRWD,2026-10-09,275.0400085449219,64.85459774291574,neutral,74.20077281901877,overbought,74.20077281901877,6.725236852542249,20.26130424356154,74.83240923367526,golden (50>200),96.0,bearish,bullish,0.839801692101978,71.74276758901352,25.158048760329724,81.84300297046495,4,Bullish
ABBV,2026-10-09,276.4700012207031,71.2631026640187,overbought,67.7070306055553,neutral,67.7070306055553,4.207579162082231,6.789292228351607,19.81526162333953,golden (50>200),68.0,bullish,bullish,1.2040255861820197,94.2726596371612,22.434329475548026,277.0214036140068,6,Bullish
PANW,2026-10-09,418.7799987792969,63.06682624733238,neutral,70.24386771282549,overbought,70.24386771282549,7.456221730854806,12.923631851802453,63.63464396397826,golden (50>200),94.0,bullish,bullish,0.9472167892011744,80.2909268465909,18.87513498294627,117.48078515129767,6,Bullish
000660.KS,2026-10-08,1681000.0,43.718239961703105,neutral,50.095656790550294,neutral,54.95991372287186,-6.0683951721055,0.1595720434715675,17.144874881692918,golden (50>200),398.0,bearish,bearish,0.05623983144262803,0.0,9.5593956713928,-126.27904177199967,-2,Neutral
RMBS,2026-10-09,107.47000122070312,58.60218411140053,neutral,51.491498502827916,neutral,51.491498502827916,6.573186538775344,12.522720888862192,-0.7683586100300177,death (50<200),34.0,bullish,bullish,0.6515723538360408,61.099582599281064,28.87290402802922,52.83270406907129,2,Neutral
ZS,2026-10-09,233.72999572753906,72.919447578085,overbought,67.53821434600871,neutral,67.53821434600871,14.514165468973928,25.807996812479182,40.769190091323296,golden (50>200),15.0,bullish,bullish,1.1801658634390357,98.75640145223363,21.406399400814326,210.10743605441476,6,Bullish
CHKP,2026-10-09,137.17999267578125,56.68448337326225,neutral,49.583864730404834,neutral,49.583864730404834,2.663881736834117,3.8710421146822105,-4.839174335256901,death (50<200),283.0,bullish,bullish,0.7231438838895948,71.89454014956291,10.847261298220173,59.19464676266149,4,Bullish
OKTA,2026-10-09,232.1300048828125,76.47894976796518,overbought,82.12007673429552,overbought,82.12007673429552,13.785313698812796,34.09385399919558,101.1168333291796,golden (50>200),85.0,bullish,bullish,1.0151732187915221,98.10100324164081,44.38026810590728,143.90809161463005,6,Bullish
S,2026-10-09,26.270000457763672,68.5475590771295,neutral,70.62129989586732,overbought,70.62129989586732,9.27166331952407,18.10138930192844,54.90939867187195,golden (50>200),79.0,bullish,bullish,0.9741912424538255,95.11678159355567,27.12977609305329,144.24726133636665,6,Bullish
NET,2026-10-09,360.92999267578125,61.68919992526547,neutral,71.11781507414092,overbought,71.11781507414092,4.337492369403484,14.211123560464923,50.95060545102466,golden (50>200),109.0,bearish,bullish,0.8178799515927383,71.75408784485543,20.760376170341424,70.42311181915115,4,Bullish
QLYS,2026-10-09,202.4199981689453,64.23102332772268,neutral,67.38796737069819,neutral,67.38796737069819,9.170140387205006,12.182204182268986,56.74868370173589,golden (50>200),59.0,bullish,bullish,0.9622110602498212,94.5254328500055,16.827524911848123,139.0704927973369,6,Bullish
TENB,2026-10-09,41.59000015258789,66.94857340468897,neutral,62.66310666261385,neutral,62.66310666261385,13.159290826779513,15.89736162721267,52.52338380794348,golden (50>200),73.0,bullish,bullish,1.119922061072089,99.78069670936311,13.643095059319476,201.64362472772984,6,Bullish
